ZONA;TURMA;CARTEIRA;TOTAL_ESPERADO_MAPA;NOTAS_ESPERADAS_ATENA;NOTAS_GERADAS_TAB4;DEFASAGEM_GERACAO;DEFASAGEM_MAPA;DEFASAGEM_PROGRAMACAO;QTD_TURMAS;QTD_NOTAS;JUSTIFICATIVA;QTD_SUSCETIVEIS;VALOR_COBRAVEL;PECLD;TICKET_COBRAVEL;TICKET_PECLD
0001;STC;CORTE;16,0;24,0;23,0;1,0;-8,0;;;;;362,0;376027,22;75269,937742188;1038,7492265193368;207,92800481267403
0001;STC;RECORTE;32,0;32,0;22,0;10,0;0,0;;;;;2308,0;1936793,86;911290,156387135;839,1654506065859;394,83975580031847
0003;STC;CORTE;0,0;3,0;3,0;0,0;-3,0;;;;;85,0;94644,60999999999;22823,35339054;1113,466;268,5100398887059
0004;STC;CORTE;0,0;1,0;1,0;0,0;-1,0;;;;;58,0;51604,63999999999;19933,287111816;889,735172413793;343,6773639968276
0005;EPS;CORTE;20,0;20,0;0,0;20,0;0,0;;;;;81,0;72234,2;23297,540681428;891,7802469135802;287,6239590299753
0005;EPS;RECORTE;0,0;39,0;39,0;0,0;-39,0;;;;;90,0;105871,08999999998;60097,084097416;1176,3454444444442;667,7453788601778
0011;STC;CORTE;18,0;19,0;19,0;0,0;-1,0;;;;;726,0;553757,36;215714,618134776;762,7511845730028;297,1275731883967
0011;EPS;CORTE;20,0;20,0;0,0;20,0;0,0;;;;;726,0;553757,36;215714,618134776;762,7511845730028;297,1275731883967
0013;EPS;CORTE;6,0;6,0;0,0;6,0;0,0;;;;;24,0;16309,09;3849,188956784;679,5454166666667;160,38287319933335
0014;STC;CORTE;21,0;12,0;12,0;0,0;9,0;;;;;23,0;17032,56;4551,036132507;740,5460869565218;197,87113619595652
0016;STC;CORTE;21,0;21,0;21,0;0,0;0,0;;;;;99,0;141614,41;17864,819473186;1430,4485858585858;180,45272195137375
0017;STC;CORTE;21,0;10,0;10,0;0,0;11,0;;;;;24,0;25617,37;4476,852900746;1067,3904166666666;186,53553753108332
0018;STC;CORTE;21,0;22,0;20,0;2,0;-1,0;;;;;49,0;71139,98999999999;6894,132796489;1451,8365306122448;140,69658768344897
0018;EPS;CORTE;6,0;6,0;0,0;6,0;0,0;;;;;49,0;71139,98999999999;6894,132796489;1451,8365306122448;140,69658768344897
0020;STC;CORTE;21,0;22,0;22,0;0,0;-1,0;;;;;60,0;63542,23000000001;10683,022402754;1059,0371666666667;178,05037337923332
0020;EPS;CORTE;6,0;6,0;0,0;6,0;0,0;;;;;60,0;63542,23000000001;10683,022402754;1059,0371666666667;178,05037337923332
0022;EPS;CORTE;6,0;5,0;0,0;5,0;1,0;;;;;13,0;18884,04;3459,650867028;1452,6184615384616;266,1269897713846
0023;EPS;CORTE;8,0;8,0;0,0;8,0;0,0;;;;;118,0;115557,82;14722,236437298;979,303559322034;124,76471557032204
0024;STC;CORTE;16,0;14,0;14,0;0,0;2,0;;;;;72,0;49561,05;21419,274788677;688,3479166666667;297,48992762051387
0027;EPS;CORTE;4,0;3,0;0,0;3,0;1,0;;;;;6,0;3124,15;855,623153196;520,6916666666667;142,603858866
0028;STC;CORTE;16,0;13,0;13,0;0,0;3,0;;;;;40,0;27187,940000000002;11133,877826486;679,6985000000001;278,34694566215
0028;EPS;CORTE;4,0;4,0;0,0;4,0;0,0;;;;;40,0;27187,940000000002;11133,877826486;679,6985000000001;278,34694566215
0030;EPS;CORTE;4,0;4,0;0,0;4,0;0,0;;;;;17,0;27361,4;2581,404770404;1609,4941176470588;151,84733943552942
0031;STC;CORTE;16,0;17,0;17,0;0,0;-1,0;;;;;52,0;41044,74;8945,008235944;789,321923076923;172,01938915276924
0032;STC;CORTE;16,0;9,0;9,0;0,0;7,0;;;;;8,0;4501,0199999999995;1953,957375649;562,6274999999999;244,244671956125
0033;STC;CORTE;16,0;17,0;17,0;0,0;-1,0;;;;;67,0;39398,560000000005;9256,807022364;588,0382089552239;138,16129884125374
0033;EPS;CORTE;4,0;4,0;0,0;4,0;0,0;;;;;67,0;39398,560000000005;9256,807022364;588,0382089552239;138,16129884125374
0034;EPS;CORTE;4,0;4,0;0,0;4,0;0,0;;;;;37,0;32569,379999999997;8196,500495955;880,2535135135134;221,52704043121622
0037;STC;CORTE;11,0;7,0;5,0;2,0;4,0;;;;;11,0;14190,75;978,476479755;1290,0681818181818;88,95240725045454
0037;EPS;CORTE;5,0;4,0;0,0;4,0;1,0;;;;;11,0;14190,75;978,476479755;1290,0681818181818;88,95240725045454
0038;STC;CORTE;11,0;11,0;11,0;0,0;0,0;;;;;36,0;40940,31;8097,78004742;1137,2308333333333;224,93833465055556
0040;STC;CORTE;11,0;11,0;11,0;0,0;0,0;;;;;19,0;13654,71;2192,172229945;718,668947368421;115,37748578657894
0044;STC;CORTE;11,0;12,0;12,0;0,0;-1,0;;;;;46,0;48085,59999999999;6435,344079489;1045,3391304347824;139,8987843367174
0044;EPS;DISJUNTOR;;13,0;0,0;13,0;;;;;;462,0;166336,06;20563,754763131;360,0347619047619;44,510291695088746
0045;EPS;CORTE;5,0;4,0;0,0;4,0;1,0;;;;;8,0;6246,41;2696,497969205;780,80125;337,062246150625
0048;EPS;CORTE;5,0;3,0;0,0;3,0;2,0;;;;;18,0;11797,25;3495,729182199;655,4027777777778;194,20717678883332
0049;STC;CORTE;11,0;11,0;11,0;0,0;0,0;;;;;25,0;17100,69;3931,89775096;684,0275999999999;157,2759100384
0050;STC;CORTE;16,0;18,0;17,0;1,0;-2,0;;;;;299,0;309844,54000000004;109895,044546461;1036,269364548495;367,5419550048863
0050;EPS;RECORTE;44,0;44,0;36,0;8,0;0,0;;;;;2756,0;2271225,77;960624,216909484;824,1022387518142;348,557408167447
0050;STC;RECORTE;16,0;16,0;11,0;5,0;0,0;;;;;2756,0;2271225,77;960624,216909484;824,1022387518142;348,557408167447
0052;EPS;RECORTE;22,0;22,0;15,0;7,0;0,0;;;;;876,0;722186,3399999999;389031,595096733;824,4136301369862;444,09999440266324
0055;STC;CORTE;16,0;17,0;17,0;0,0;-1,0;;;;;65,0;98531,99999999999;17005,394906211;1515,8769230769228;261,62146009555386
0055;EPS;RECORTE;22,0;22,0;16,0;6,0;0,0;;;;;881,0;828035,6499999998;374194,690963283;939,8815550510781;424,73858225117255
0056;STC;CORTE;16,0;6,0;6,0;0,0;10,0;;;;;10,0;10568,39;941,602897714;1056,839;94,1602897714
0058;STC;CORTE;8,0;11,0;11,0;0,0;-3,0;;;;;138,0;94648,42000000001;16161,109230801;685,858115942029;117,10948717971739
0058;EPS;RECORTE;28,0;28,0;15,0;13,0;0,0;;;;;2914,0;2617574,699999999;1113245,485182967;898,2754632807133;382,03345407788845
0058;STC;RECORTE;24,0;24,0;11,0;13,0;0,0;;;;;2914,0;2617574,699999999;1113245,485182967;898,2754632807133;382,03345407788845
0059;STC;CORTE;8,0;7,0;7,0;0,0;1,0;;;;;44,0;47148,6;11343,242074232;1071,5590909090909;257,80095623254545
0059;EPS;RECORTE;14,0;14,0;7,0;7,0;0,0;;;;;711,0;535067,26;281882,831845156;752,5559212376934;396,4596791071111
0059;STC;RECORTE;16,0;16,0;7,0;9,0;0,0;;;;;711,0;535067,26;281882,831845156;752,5559212376934;396,4596791071111
0062;STC;CORTE;11,0;12,0;12,0;0,0;-1,0;;;;;9,0;6928,69;1588,712695032;769,8544444444444;176,52363278133333
0062;EPS;RECORTE;6,0;6,0;4,0;2,0;0,0;;;;;15,0;11710,300000000001;10938,396164506;780,6866666666667;729,2264109670666
0064;EPS;RECORTE;6,0;6,0;4,0;2,0;0,0;;;;;259,0;114939,67;51396,14596394;443,78250965250965;198,44071800749035
0065;STC;CORTE;11,0;11,0;11,0;0,0;0,0;;;;;41,0;35620,15;12892,656278263;868,7841463414635;314,45503117714634
0067;EPS;RECORTE;6,0;6,0;3,0;3,0;0,0;;;;;66,0;63156,54999999999;35812,952788468;956,9174242424241;542,6204967949697
0068;STC;CORTE;11,0;11,0;11,0;0,0;0,0;;;;;12,0;4568,04;2306,000192753;380,67;192,16668272941666
0068;EPS;RECORTE;6,0;6,0;4,0;2,0;0,0;;;;;186,0;102199,43;37885,517439806;549,4593010752687;203,6855776333656
0072;STC;CORTE;11,0;11,0;11,0;0,0;0,0;;;;;22,0;11949,560000000003;4358,798796465;543,1618181818184;198,12721802113637
0072;EPS;RECORTE;6,0;6,0;5,0;1,0;0,0;;;;;127,0;53900,85999999999;23968,61466332;424,4162204724409;188,7292493174803
0076;EPS;RECORTE;6,0;6,0;5,0;1,0;0,0;;;;;103,0;53449,27999999999;26798,947873692;518,9250485436893;260,18395993875725
0077;EPS;CORTE;16,0;13,0;0,0;13,0;3,0;;;;;125,0;91747,24999999999;34711,286337633;733,9779999999998;277,690290701064
0078;EPS;CORTE;16,0;14,0;0,0;14,0;2,0;;;;;100,0;86406,73999999999;27231,431991588;864,0673999999999;272,31431991588
0078;STC;CORTE;11,0;11,0;11,0;0,0;0,0;;;;;100,0;86406,73999999999;27231,431991588;864,0673999999999;272,31431991588
0079;STC;CORTE;26,0;28,0;28,0;0,0;-2,0;;;;;45,0;38206,520000000004;13813,667715428;849,0337777777779;306,97039367617776
0080;EPS;CORTE;16,0;12,0;0,0;12,0;4,0;;;;;7,0;9326,5;3953,401087153;1332,357142857143;564,771583879
0081;STC;CORTE;11,0;12,0;12,0;0,0;-1,0;;;;;16,0;8114,9800000000005;4220,130207629;507,18625000000003;263,7581379768125
0082;STC;CORTE;11,0;11,0;11,0;0,0;0,0;;;;;12,0;11719,44;3192,817562277;976,62;266,06813018975
0082;EPS;CORTE;16,0;14,0;0,0;14,0;2,0;;;;;12,0;11719,44;3192,817562277;976,62;266,06813018975
0083;EPS;CORTE;16,0;13,0;0,0;13,0;3,0;;;;;40,0;88466,79000000001;295418,532676701;2211,66975;7385,463316917525
0084;STC;CORTE;11,0;11,0;11,0;0,0;0,0;;;;;20,0;18895,91;7922,936964829;944,7955;396,14684824145
0085;STC;CORTE;0,0;1,0;1,0;0,0;-1,0;;;;;42,0;36805,59999999999;4199,304822012;876,3238095238094;99,98344814314285
0085;EPS;RECORTE;3,0;3,0;1,0;2,0;0,0;;;;;148,0;128398,37999999999;58709,211582401;867,5566216216215;396,68386204325
0085;STC;RECORTE;0,0;1,0;0,0;1,0;-1,0;;;;;148,0;128398,37999999999;58709,211582401;867,5566216216215;396,68386204325
0086;STC;CORTE;0,0;1,0;1,0;0,0;-1,0;;;;;22,0;21966,739999999998;3525,22861544;998,4881818181817;160,23766433818182
0086;STC;RECORTE;0,0;6,0;3,0;3,0;-6,0;;;;;58,0;30283,480000000007;9216,10703595;522,1289655172415;158,89839717155172
0087;EPS;RECORTE;3,0;3,0;2,0;1,0;0,0;;;;;107,0;64013,72;16328,443977777;598,2590654205608;152,6022801661402
0087;STC;RECORTE;0,0;1,0;1,0;0,0;-1,0;;;;;107,0;64013,72;16328,443977777;598,2590654205608;152,6022801661402
0088;STC;CORTE;0,0;1,0;1,0;0,0;-1,0;;;;;56,0;67585,81;10285,900801665;1206,8894642857142;183,67680002973214
0088;EPS;RECORTE;3,0;3,0;2,0;1,0;0,0;;;;;170,0;94495,55;26541,957710905;555,8561764705883;156,12916300532353
0088;STC;RECORTE;0,0;5,0;3,0;2,0;-5,0;;;;;170,0;94495,55;26541,957710905;555,8561764705883;156,12916300532353
0089;STC;RECORTE;0,0;1,0;1,0;0,0;-1,0;;;;;9,0;6000,55;1544,743581152;666,7277777777778;171,63817568355554
0090;STC;RECORTE;0,0;3,0;2,0;1,0;-3,0;;;;;49,0;92592,06;41716,632243027;1889,6338775510203;851,3598416944286
0091;STC;RECORTE;0,0;5,0;1,0;4,0;-5,0;;;;;36,0;33910,670000000006;17293,750618794;941,9630555555557;480,38196163316667
0097;STC;CORTE;0,0;1,0;1,0;0,0;-1,0;;;;;81,0;76656,95;25554,786653246;946,382098765432;315,49119324995064
0097;STC;RECORTE;0,0;8,0;6,0;2,0;-8,0;;;;;222,0;213726,92000000004;105729,3153131;962,733873873874;476,258177086036
0097;EPS;RECORTE;3,0;3,0;1,0;2,0;0,0;;;;;222,0;213726,92000000004;105729,3153131;962,733873873874;476,258177086036
0098;STC;CORTE;21,0;8,0;8,0;0,0;13,0;;;;;6,0;6093,999999999998;2010,332066964;1015,6666666666664;335,055344494
0099;STC;RECORTE;0,0;14,0;7,0;7,0;-14,0;;;;;127,0;118917,7;60884,454730896;936,359842519685;479,4051553613858
0099;EPS;RECORTE;3,0;3,0;2,0;1,0;0,0;;;;;127,0;118917,7;60884,454730896;936,359842519685;479,4051553613858
0101;STC;CORTE;11,0;11,0;11,0;0,0;0,0;;;;;41,0;46088,380000000005;13186,45735815;1124,1068292682928;321,62091117439024
0106;STC;CORTE;20,0;24,0;24,0;0,0;-4,0;;;;;110,0;69649,01;31851,740566254;633,1728181818181;289,56127787503635
0106;EPS;RECORTE;0,0;35,0;35,0;0,0;-35,0;;;;;283,0;223615,7;127407,352444746;790,1614840989399;450,20265881535687
0107;STC;CORTE;20,0;20,0;20,0;0,0;0,0;;;;;121,0;79252,51;28477,143454589;654,9794214876033;235,34829301313223
0107;EPS;RECORTE;0,0;36,0;36,0;0,0;-36,0;;;;;1554,0;1170381,57;544325,151129342;753,1412934362935;350,2735850253166
0108;STC;CORTE;0,0;1,0;1,0;0,0;-1,0;;;;;115,0;114288,17;31637,736063164;993,8101739130435;275,11074837533914
0108;EPS;RECORTE;0,0;36,0;36,0;0,0;-36,0;;;;;2192,0;1743007,6500000001;673101,795470735;795,1677235401461;307,0719869848244
0109;STC;CORTE;0,0;2,0;2,0;0,0;-2,0;;;;;57,0;46985,85;7043,889934623;824,3131578947368;123,57701639689473
0109;EPS;RECORTE;0,0;36,0;36,0;0,0;-36,0;;;;;1667,0;1260720,78;419313,557565445;756,2812117576485;251,53782697387223
0110;STC;CORTE;0,0;1,0;1,0;0,0;-1,0;;;;;23,0;22525,68;5485,631192185;979,3773913043478;238,50570400804347
0110;EPS;RECORTE;0,0;36,0;36,0;0,0;-36,0;;;;;536,0;382409,53;143639,456333308;713,4506156716418;267,9840603233358
0111;EPS;RECORTE;0,0;36,0;36,0;0,0;-36,0;;;;;378,0;243061,01999999996;93071,014930704;643,0185714285714;246,21961621879365
0112;STC;CORTE;20,0;21,0;21,0;0,0;-1,0;;;;;36,0;50964,009999999995;6031,537354118;1415,6669444444442;167,54270428105556
0112;EPS;RECORTE;0,0;36,0;35,0;1,0;-36,0;;;;;268,0;294727,87999999995;95763,397135138;1099,7308955223878;357,3261087132015
0112;STC;RECORTE;20,0;20,0;13,0;7,0;0,0;;;;;268,0;294727,87999999995;95763,397135138;1099,7308955223878;357,3261087132015
0115;STC;CORTE;20,0;19,0;19,0;0,0;1,0;;;;;13,0;6936,56;2613,433328434;533,5815384615385;201,03333295646155
0115;STC;RECORTE;20,0;20,0;14,0;6,0;0,0;;;;;180,0;169458,62000000002;82035,399265555;941,4367777777779;455,7522181419722
0121;STC;CORTE;0,0;2,0;2,0;0,0;-2,0;;;;;9,0;14978,189999999999;2004,674949588;1664,243333333333;222,74166106533335
0122;STC;CORTE;21,0;25,0;24,0;1,0;-4,0;;;;;204,0;222866,91;44165,266799519;1092,4848529411765;216,4964058799951
0122;EPS;RECORTE;30,0;30,0;21,0;9,0;0,0;;;;;2337,0;2609682,2199999997;1284325,562163824;1116,6804535729566;549,561644058119
0123;STC;CORTE;0,0;2,0;2,0;0,0;-2,0;;;;;84,0;99377,34;18275,986213293;1183,0635714285713;217,57126444396428
0123;EPS;RECORTE;60,0;60,0;40,0;20,0;0,0;;;;;2051,0;1920904,4300000002;759263,495191105;936,5696879570942;370,1918552857655
0124;STC;CORTE;21,0;22,0;22,0;0,0;-1,0;;;;;119,0;139384,83;22907,231631128;1171,3010924369746;192,49774479939495
0124;EPS;RECORTE;60,0;60,0;35,0;25,0;0,0;;;;;2231,0;1706727,2300000002;726732,424749439;765,0054818467056;325,7429066559565
0125;EPS;RECORTE;30,0;30,0;17,0;13,0;0,0;;;;;1668,0;1691776,4200000006;824909,006926129;1014,2544484412474;494,54976434420206
0126;STC;CORTE;0,0;1,0;1,0;0,0;-1,0;;;;;9,0;6269,04;2926,604805071;696,56;325,1783116745556
0127;STC;CORTE;0,0;2,0;2,0;0,0;-2,0;;;;;37,0;26403,94;9743,363370167;713,62;263,3341451396486
0127;EPS;RECORTE;30,0;30,0;24,0;6,0;0,0;;;;;655,0;669366,2400000001;298579,152503642;1021,9331908396948;455,84603435670533
0128;STC;CORTE;0,0;2,0;2,0;0,0;-2,0;;;;;56,0;58192,469999999994;12256,402202053;1039,15125;218,86432503666072
0128;EPS;RECORTE;30,0;30,0;18,0;12,0;0,0;;;;;824,0;848085,1;415686,605733406;1029,2294902912622;504,4740360842306
0129;EPS;CORTE;21,0;21,0;0,0;21,0;0,0;;;;;48,0;106068,61;37059,948441193;2209,762708333333;772,0822591915208
0130;STC;CORTE;17,0;21,0;21,0;0,0;-4,0;;;;;130,0;114864,30999999997;13190,232812573;883,5716153846151;101,46332932748462
0130;EPS;CORTE;21,0;21,0;0,0;21,0;0,0;;;;;130,0;114864,30999999997;13190,232812573;883,5716153846151;101,46332932748462
0131;EPS;CORTE;21,0;21,0;0,0;21,0;0,0;;;;;22,0;33405,47;3682,18623581;1518,4304545454545;167,37210162772726
0132;STC;CORTE;17,0;8,0;8,0;0,0;9,0;;;;;41,0;64074,85;11526,418699311;1562,801219512195;281,1321633978293
0132;EPS;CORTE;42,0;42,0;0,0;42,0;0,0;;;;;41,0;64074,85;11526,418699311;1562,801219512195;281,1321633978293
0132;STC;RECORTE;17,0;20,0;11,0;9,0;-3,0;;;;;493,0;585442,15;252284,148115288;1187,5094320486817;511,7325519579878
0133;EPS;CORTE;21,0;19,0;0,0;19,0;2,0;;;;;541,0;551280,99;183213,93194133;1019,0036783733826;338,65791486382625
0134;EPS;CORTE;21,0;21,0;0,0;21,0;0,0;;;;;45,0;67914,3;12873,045883103;1509,2066666666667;286,0676862911778
0134;STC;CORTE;34,0;14,0;14,0;0,0;20,0;;;;;45,0;67914,3;12873,045883103;1509,2066666666667;286,0676862911778
0136;EPS;CORTE;21,0;21,0;0,0;21,0;0,0;;;;;29,0;113189,69999999998;24134,485812817;3903,093103448275;832,2236487178276
0137;EPS;CORTE;63,0;63,0;0,0;63,0;0,0;;;;;63,0;133874,01;292206,144058494;2124,9842857142858;4638,192762833238
0138;STC;CORTE;21,0;17,0;16,0;1,0;4,0;;;;;33,0;19549,199999999997;4331,383214792;592,3999999999999;131,2540368118788
0138;EPS;CORTE;4,0;4,0;0,0;4,0;0,0;;;;;33,0;19549,199999999997;4331,383214792;592,3999999999999;131,2540368118788
0139;EPS;CORTE;4,0;4,0;0,0;4,0;0,0;;;;;60,0;41234,509999999995;9041,1805476;687,2418333333333;150,68634246
0142;STC;CORTE;21,0;22,0;21,0;1,0;-1,0;;;;;75,0;53574,859999999986;5158,652281269;714,3314666666665;68,78203041692
0142;EPS;CORTE;4,0;4,0;0,0;4,0;0,0;;;;;75,0;53574,859999999986;5158,652281269;714,3314666666665;68,78203041692
0142;EPS;DISJUNTOR;;21,0;0,0;21,0;;;;;;563,0;216827,24000000002;22660,817549777;385,12831261101246;40,25011998184192
0146;EPS;CORTE;4,0;4,0;0,0;4,0;0,0;;;;;24,0;12303,079999999998;3903,235496144;512,6283333333332;162,63481233933334
0147;EPS;CORTE;4,0;4,0;0,0;4,0;0,0;;;;;33,0;29751,509999999995;4030,366328772;901,5609090909089;122,1323129930909
0148;EPS;CORTE;4,0;4,0;0,0;4,0;0,0;;;;;41,0;36698,35;7977,677662914;895,0817073170731;194,5775039735122
0149;EPS;CORTE;4,0;4,0;0,0;4,0;0,0;;;;;15,0;11402,14;2287,598783318;760,1426666666666;152,50658555453333
0150;EPS;CORTE;4,0;4,0;0,0;4,0;0,0;;;;;48,0;37518,31;9633,775842548;781,6314583333333;200,70366338641668
0152;STC;CORTE;21,0;22,0;22,0;0,0;-1,0;;;;;15,0;12455,230000000001;1536,34736233;830,3486666666668;102,42315748866666
0154;EPS;RECORTE;8,0;8,0;7,0;1,0;0,0;;;;;42,0;71516,95999999998;29443,262802562;1702,7847619047614;701,0300667276666
0155;STC;CORTE;16,0;16,0;15,0;1,0;0,0;;;;;64,0;54407,04999999999;27458,821686005;850,1101562499998;429,04408884382815
0156;STC;CORTE;16,0;11,0;11,0;0,0;5,0;;;;;14,0;7690,06;3302,099560144;549,2900000000001;235,864254296
0159;STC;CORTE;16,0;16,0;15,0;1,0;0,0;;;;;39,0;25956,629999999994;6554,068464764;665,5546153846152;168,05303755805127
0159;EPS;RECORTE;8,0;7,0;6,0;1,0;1,0;;;;;20,0;14508,810000000001;9184,375573411;725,4405;459,21877867055
0161;EPS;RECORTE;8,0;7,0;7,0;0,0;1,0;;;;;29,0;20158,31;9325,469840674;695,1141379310345;321,56792554048275
0163;STC;CORTE;16,0;15,0;15,0;0,0;1,0;;;;;25,0;18258,68;3453,804272017;730,3472;138,15217088068
0163;EPS;RECORTE;8,0;8,0;8,0;0,0;0,0;;;;;54,0;30978,039999999994;10121,496680349;573,6674074074073;187,43512371016666
0167;STC;CORTE;16,0;14,0;13,0;1,0;2,0;;;;;9,0;9204,24;924,8669625;1022,6933333333333;102,76299583333333
0172;EPS;CORTE;25,0;25,0;0,0;25,0;0,0;;;;;36,0;31254,489999999998;8788,588219127;868,1802777777777;244,12745053130556
0173;STC;CORTE;21,0;21,0;21,0;0,0;0,0;;;;;51,0;49785,41;13214,097556311;976,1845098039216;259,09995208452943
0173;EPS;CORTE;27,0;27,0;0,0;27,0;0,0;;;;;51,0;49785,41;13214,097556311;976,1845098039216;259,09995208452943
0177;EPS;RECORTE;0,0;17,0;17,0;0,0;-17,0;;;;;58,0;148482,5;72755,392548087;2560,043103448276;1254,4033197946035
0178;EPS;CORTE;27,0;27,0;0,0;27,0;0,0;;;;;103,0;60388,409999999996;9181,453275538;586,2952427184466;89,14032306347573
0178;STC;CORTE;0,0;1,0;1,0;0,0;-1,0;;;;;103,0;60388,409999999996;9181,453275538;586,2952427184466;89,14032306347573
0178;EPS;DISJUNTOR;;30,0;0,0;30,0;;;;;;294,0;116250,25;12833,097400052;395,40901360544217;43,64999115663946
0178;EPS;RECORTE;0,0;17,0;17,0;0,0;-17,0;;;;;915,0;775059,7799999999;304287,598200588;847,059868852459;332,55475213179017
0178;STC;RECORTE;21,0;18,0;13,0;5,0;3,0;;;;;915,0;775059,7799999999;304287,598200588;847,059868852459;332,55475213179017
0179;EPS;CORTE;27,0;18,0;0,0;18,0;9,0;;;;;208,0;226303,23;92680,718397295;1087,996298076923;445,5803769100721
0179;EPS;RECORTE;0,0;18,0;18,0;0,0;-18,0;;;;;565,0;682286,71;372254,035278179;1207,5870973451326;658,8566996073964
0180;STC;CORTE;21,0;23,0;21,0;2,0;-2,0;;;;;77,0;52289,100000000006;8000,850023932;679,0792207792208;103,90714316794805
0180;EPS;CORTE;27,0;27,0;0,0;27,0;0,0;;;;;77,0;52289,100000000006;8000,850023932;679,0792207792208;103,90714316794805
0183;EPS;CORTE;27,0;27,0;0,0;27,0;0,0;;;;;225,0;262207,23;122941,338305213;1165,3654666666666;546,4059480231689
0188;EPS;CORTE;7,0;7,0;0,0;7,0;0,0;;;;;275,0;242704,46999999997;86697,02417365;882,561709090909;315,261906086
0190;STC;CORTE;13,0;13,0;13,0;0,0;0,0;;;;;61,0;69735,6;23954,792986065;1143,2065573770492;392,7015243617213
0190;EPS;CORTE;7,0;7,0;0,0;7,0;0,0;;;;;61,0;69735,6;23954,792986065;1143,2065573770492;392,7015243617213
0192;EPS;CORTE;27,0;12,0;0,0;12,0;15,0;;;;;34,0;104476,68;10212,429593433;3072,8435294117644;300,36557627744116
0193;STC;CORTE;42,0;45,0;37,0;8,0;-3,0;;;;;100,0;116348,08000000003;15306,650367203;1163,4808000000003;153,06650367203
0193;EPS;CORTE;27,0;27,0;0,0;27,0;0,0;;;;;100,0;116348,08000000003;15306,650367203;1163,4808000000003;153,06650367203
0194;EPS;CORTE;27,0;10,0;0,0;10,0;17,0;;;;;14,0;6344,87;5351,781328177;453,205;382,27009486978574
0195;STC;CORTE;21,0;21,0;18,0;3,0;0,0;;;;;18,0;27264,43;3555,82223114;1514,6905555555556;197,54567950777778
0195;EPS;CORTE;27,0;11,0;0,0;11,0;16,0;;;;;18,0;27264,43;3555,82223114;1514,6905555555556;197,54567950777778
0197;STC;CORTE;21,0;22,0;22,0;0,0;-1,0;;;;;62,0;112214,96000000002;35663,3292471;1809,9187096774197;575,2149878564516
0197;EPS;CORTE;54,0;45,0;0,0;45,0;9,0;;;;;62,0;112214,96000000002;35663,3292471;1809,9187096774197;575,2149878564516
0198;STC;CORTE;21,0;19,0;18,0;1,0;2,0;;;;;35,0;55460,009999999995;17321,408282279;1584,571714285714;494,8973794936857
0198;EPS;CORTE;27,0;15,0;0,0;15,0;12,0;;;;;35,0;55460,009999999995;17321,408282279;1584,571714285714;494,8973794936857
0199;STC;CORTE;21,0;5,0;5,0;0,0;16,0;;;;;4,0;2690,56;811,432939962;672,64;202,8582349905
0202;STC;CORTE;21,0;7,0;7,0;0,0;14,0;;;;;25,0;44318,98999999999;9816,549761772;1772,7595999999996;392,66199047088
0203;STC;CORTE;21,0;19,0;16,0;3,0;2,0;;;;;32,0;71497,75;8371,275776707;2234,3046875;261,60236802209374
0203;EPS;CORTE;27,0;27,0;0,0;27,0;0,0;;;;;32,0;71497,75;8371,275776707;2234,3046875;261,60236802209374
0204;STC;CORTE;21,0;16,0;16,0;0,0;5,0;;;;;30,0;19632,58;6453,278904305;654,4193333333334;215,10929681016665
0205;STC;CORTE;21,0;21,0;21,0;0,0;0,0;;;;;49,0;120716,82000000004;13349,695834848;2463,6085714285723;272,4427721397551
0205;EPS;CORTE;54,0;42,0;0,0;42,0;12,0;;;;;49,0;120716,82000000004;13349,695834848;2463,6085714285723;272,4427721397551
0207;STC;CORTE;21,0;19,0;19,0;0,0;2,0;;;;;59,0;103603,74000000002;33813,678692036;1755,9955932203393;573,1131981701017
0207;EPS;CORTE;27,0;26,0;0,0;26,0;1,0;;;;;59,0;103603,74000000002;33813,678692036;1755,9955932203393;573,1131981701017
0208;STC;CORTE;0,0;1,0;0,0;1,0;-1,0;;;;;1,0;324,09;29,01308851;324,09;29,01308851
0211;STC;CORTE;21,0;23,0;20,0;3,0;-2,0;;;;;92,0;119511,50000000001;19109,560249257;1299,038043478261;207,7126114049674
0211;EPS;CORTE;27,0;27,0;0,0;27,0;0,0;;;;;92,0;119511,50000000001;19109,560249257;1299,038043478261;207,7126114049674
0213;EPS;CORTE;3,0;3,0;0,0;3,0;0,0;;;;;63,0;34834,78999999999;11004,956679523;552,9331746031745;174,68185205592064
0214;STC;CORTE;21,0;21,0;18,0;3,0;0,0;;;;;24,0;11518,390000000003;2956,153817294;479,9329166666668;123,17307572058333
0215;STC;CORTE;21,0;21,0;21,0;0,0;0,0;;;;;57,0;38213,020000000004;5263,145789009;670,4038596491229;92,33589103524561
0215;EPS;CORTE;3,0;3,0;0,0;3,0;0,0;;;;;57,0;38213,020000000004;5263,145789009;670,4038596491229;92,33589103524561
0216;EPS;CORTE;3,0;3,0;0,0;3,0;0,0;;;;;41,0;27420,6;5145,802460244;668,7951219512195;125,50737707912195
0217;STC;CORTE;42,0;43,0;43,0;0,0;-1,0;;;;;157,0;115057,07999999999;16355,32266971;732,8476433121018;104,1740297433758
0217;EPS;CORTE;3,0;3,0;0,0;3,0;0,0;;;;;157,0;115057,07999999999;16355,32266971;732,8476433121018;104,1740297433758
0218;STC;CORTE;21,0;7,0;6,0;1,0;14,0;;;;;7,0;4730,97;377,850996179;675,8528571428571;53,97871373985714
0219;EPS;CORTE;3,0;3,0;0,0;3,0;0,0;;;;;22,0;25232,14;2526,782130603;1146,9154545454546;114,85373320922727
0220;STC;CORTE;21,0;21,0;20,0;1,0;0,0;;;;;30,0;10847,029999999999;5051,483754412;361,56766666666664;168,38279181373332
0226;STC;CORTE;16,0;16,0;16,0;0,0;0,0;;;;;43,0;36022,11000000001;13126,155798545;837,7234883720932;305,2594371754651
0227;STC;CORTE;16,0;16,0;16,0;0,0;0,0;;;;;67,0;83302,55000000002;28277,613842998;1243,321641791045;422,05393795519404
0227;EPS;CORTE;25,0;25,0;0,0;25,0;0,0;;;;;67,0;83302,55000000002;28277,613842998;1243,321641791045;422,05393795519404
0228;STC;CORTE;16,0;15,0;13,0;2,0;1,0;;;;;17,0;22437,93;5681,445238177;1319,8782352941178;334,2026610692353
0228;EPS;CORTE;25,0;25,0;0,0;25,0;0,0;;;;;17,0;22437,93;5681,445238177;1319,8782352941178;334,2026610692353
0230;STC;CORTE;21,0;25,0;25,0;0,0;-4,0;;;;;90,0;75746,05;8659,197245737;841,6227777777779;96,21330273041112
0231;STC;CORTE;21,0;23,0;21,0;2,0;-2,0;;;;;126,0;120449,29000000001;12950,984082174;955,9467460317461;102,7855879537619
0232;STC;CORTE;0,0;1,0;1,0;0,0;-1,0;;;;;44,0;24784,52;20971,05846028;563,2845454545454;476,61496500636366
0233;EPS;CORTE;25,0;25,0;0,0;25,0;0,0;;;;;89,0;78456,01;13234,427525543;881,528202247191;148,70143287126967
0236;STC;CORTE;0,0;1,0;1,0;0,0;-1,0;;;;;37,0;31036,13;13017,307745007;838,8143243243244;351,81912824343243
0239;STC;CORTE;9,0;10,0;10,0;0,0;-1,0;;;;;28,0;25336,72;3889,013759767;904,8828571428572;138,89334856310714
0240;STC;CORTE;11,0;11,0;11,0;0,0;0,0;;;;;40,0;33235,8;5841,952271458;830,8950000000001;146,04880678645
0241;STC;CORTE;9,0;8,0;8,0;0,0;1,0;;;;;35,0;19298,07;3847,00752127;551,3734285714286;109,91450060771429
0242;STC;RECORTE;13,0;13,0;12,0;1,0;0,0;;;;;28,0;24044,510000000002;15331,865282797;858,7325000000001;547,56661724275
0245;STC;CORTE;9,0;11,0;10,0;1,0;-2,0;;;;;57,0;52369,33000000001;6663,441584606;918,7601754385967;116,90248394045614
0247;STC;CORTE;9,0;9,0;9,0;0,0;0,0;;;;;17,0;20532,350000000002;4176,451050978;1207,7852941176473;245,673591234
0250;EPS;CORTE;66,0;58,0;0,0;58,0;8,0;;;;;51,0;86739,62;6584,960790837;1700,776862745098;129,11687825170588
0250;STC;CORTE;19,0;20,0;20,0;0,0;-1,0;;;;;51,0;86739,62;6584,960790837;1700,776862745098;129,11687825170588
0251;STC;CORTE;19,0;20,0;20,0;0,0;-1,0;;;;;60,0;56214,979999999996;11761,168036783;936,9163333333332;196,01946727971668
0251;EPS;CORTE;44,0;40,0;0,0;40,0;4,0;;;;;60,0;56214,979999999996;11761,168036783;936,9163333333332;196,01946727971668
0251;EPS;DISJUNTOR;;60,0;0,0;60,0;;;;;;620,0;235051,60000000003;27393,278149;379,1154838709678;44,182706691935486
0252;STC;CORTE;19,0;22,0;21,0;1,0;-3,0;;;;;143,0;250561,10000000003;58484,50856902;1752,1755244755248;408,9825774057343
0253;STC;CORTE;19,0;20,0;19,0;1,0;-1,0;;;;;26,0;37753,3;5247,003653843;1452,0500000000002;201,8078328401154
0253;EPS;CORTE;22,0;20,0;0,0;20,0;2,0;;;;;26,0;37753,3;5247,003653843;1452,0500000000002;201,8078328401154
0254;EPS;CORTE;22,0;20,0;0,0;20,0;2,0;;;;;42,0;30840,570000000003;5461,686444898;734,2992857142858;130,04015344995238
0254;STC;CORTE;0,0;1,0;1,0;0,0;-1,0;;;;;42,0;30840,570000000003;5461,686444898;734,2992857142858;130,04015344995238
0254;STC;RECORTE;19,0;19,0;10,0;9,0;0,0;;;;;777,0;841747,2599999999;384641,283943757;1083,3298069498069;495,0338274694427
0255;EPS;RECORTE;8,0;8,0;6,0;2,0;0,0;;;;;262,0;194250,33;94728,82858907;741,4134732824427;361,56041446209923
0256;EPS;RECORTE;8,0;8,0;7,0;1,0;0,0;;;;;149,0;99078,64;53475,140805119;664,9573154362416;358,8935624504631
0257;STC;CORTE;16,0;16,0;16,0;0,0;0,0;;;;;75,0;50862,939999999995;16402,860990073;678,1725333333333;218,70481320097332
0257;EPS;RECORTE;8,0;8,0;4,0;4,0;0,0;;;;;353,0;188537,34000000003;81463,838387762;534,1001133144476;230,77574614096883
0258;STC;CORTE;16,0;17,0;16,0;1,0;-1,0;;;;;82,0;96960,63999999998;9717,021865998;1182,4468292682925;118,50026665851219
0258;EPS;RECORTE;8,0;8,0;6,0;2,0;0,0;;;;;372,0;238746,18;79898,100464169;641,7908064516129;214,77983995744356
0259;EPS;RECORTE;8,0;8,0;6,0;2,0;0,0;;;;;51,0;33228,36;19712,068271201;651,5364705882353;386,51114257256864
0260;EPS;RECORTE;8,0;6,0;5,0;1,0;2,0;;;;;36,0;30511,710000000003;21166,0155545;847,5475000000001;587,9448765138889
0261;STC;CORTE;0,0;6,0;6,0;0,0;-6,0;;;;;110,0;76756,23999999999;22616,634171555;697,7839999999999;205,60576519595455
0261;EPS;RECORTE;8,0;8,0;3,0;5,0;0,0;;;;;219,0;227566,29;372771,816569729;1039,1154794520548;1702,1544135604063
0263;STC;CORTE;16,0;15,0;15,0;0,0;1,0;;;;;35,0;15714,23;5106,037003128;448,978;145,88677151794286
0263;EPS;RECORTE;8,0;8,0;7,0;1,0;0,0;;;;;154,0;77731,99;36396,133446662;504,7531818181819;236,33852887442856
0264;EPS;RECORTE;8,0;8,0;8,0;0,0;0,0;;;;;98,0;73489,07;39315,086269857;749,8884693877552;401,1743496924184
0268;STC;CORTE;11,0;11,0;11,0;0,0;0,0;;;;;19,0;13339,27;4352,767744188;702,0668421052632;229,09303916778947
0269;EPS;CORTE;27,0;12,0;0,0;12,0;15,0;;;;;13,0;10171,45;3501,623983914;782,4192307692308;269,35569107030767
0273;STC;CORTE;11,0;12,0;10,0;2,0;-1,0;;;;;205,0;206152,35000000003;32380,442558104;1005,6212195121952;157,95337833221464
0278;EPS;CORTE;27,0;13,0;0,0;13,0;14,0;;;;;67,0;56208,92;20046,351215001;838,9391044776119;299,19927186568657
0278;STC;CORTE;11,0;11,0;10,0;1,0;0,0;;;;;67,0;56208,92;20046,351215001;838,9391044776119;299,19927186568657
0279;STC;CORTE;11,0;10,0;10,0;0,0;1,0;;;;;25,0;20835,2;6198,796305258;833,408;247,95185221032
0284;STC;CORTE;9,0;15,0;14,0;1,0;-6,0;;;;;371,0;414243,83;131139,03027999;1116,5601886792454;353,474475148221
0284;EPS;RECORTE;11,0;11,0;10,0;1,0;0,0;;;;;325,0;520941,3699999999;264815,079150101;1602,8965230769227;814,8156281541569
0285;STC;CORTE;9,0;10,0;10,0;0,0;-1,0;;;;;137,0;280225,97000000003;94984,844839855;2045,4450364963507;693,3200353274087
0285;EPS;RECORTE;11,0;11,0;7,0;4,0;0,0;;;;;648,0;911064,8000000002;437482,946945481;1405,9641975308643;675,1280045454954
0286;STC;CORTE;9,0;9,0;8,0;1,0;0,0;;;;;129,0;64663,26;22879,840214149;501,2655813953489;177,36310243526356
0287;STC;CORTE;9,0;8,0;8,0;0,0;1,0;;;;;34,0;43196,48999999999;12454,932475271;1270,4849999999997;366,32154339032354
0289;EPS;RECORTE;11,0;11,0;10,0;1,0;0,0;;;;;199,0;415827,53;307822,815167561;2089,5855778894474;1546,8483174249297
0290;STC;CORTE;0,0;2,0;2,0;0,0;-2,0;;;;;368,0;408751,09;50725,524112452;1110,7366576086956;137,84109813166305
0290;EPS;RECORTE;55,0;55,0;32,0;23,0;0,0;;;;;2902,0;2780330,1999999993;1171577,115874698;958,0738111647138;403,71368569079874
0290;STC;RECORTE;16,0;16,0;14,0;2,0;0,0;;;;;2902,0;2780330,1999999993;1171577,115874698;958,0738111647138;403,71368569079874
0291;EPS;RECORTE;11,0;11,0;8,0;3,0;0,0;;;;;214,0;167465,37;51593,526646789;782,5484579439252;241,0912460130327
0292;EPS;RECORTE;11,0;11,0;8,0;3,0;0,0;;;;;228,0;230221,01;106021,868721651;1009,7412719298246;465,0081961475921
0293;STC;CORTE;16,0;19,0;19,0;0,0;-3,0;;;;;288,0;541012,86;65542,991370872;1878,516875;227,5798311488611
0293;STC;RECORTE;16,0;16,0;12,0;4,0;0,0;;;;;1250,0;1467074,5799999998;576120,871254954;1173,6596639999998;460,8966970039632
0294;STC;CORTE;0,0;1,0;1,0;0,0;-1,0;;;;;70,0;87599,94;15084,148843233;1251,4277142857143;215,4878406176143
0294;EPS;RECORTE;33,0;53,0;52,0;1,0;-20,0;;;;;1493,0;1583811,51;650610,853613642;1060,8248559946417;435,77418192474346
0295;STC;CORTE;16,0;18,0;18,0;0,0;-2,0;;;;;103,0;153072,22;26523,276003011;1486,1380582524273;257,5075340098155
0296;STC;CORTE;16,0;18,0;17,0;1,0;-2,0;;;;;35,0;46402,36000000001;4738,21934866;1325,7817142857145;135,377695676
0296;EPS;RECORTE;22,0;7,0;7,0;0,0;15,0;;;;;1163,0;1344405,1900000002;567424,096661787;1155,9803869303528;487,8969016868332
0298;STC;CORTE;0,0;1,0;1,0;0,0;-1,0;;;;;127,0;196044,79999999996;31598,026117032;1543,6598425196846;248,80335525222048
0298;EPS;RECORTE;33,0;120,0;120,0;0,0;-87,0;;;;;2446,0;3004582,82;1483529,479136274;1228,3658299264105;606,5124608079616
0305;EPS;CORTE;6,0;5,0;0,0;5,0;1,0;;;;;6,0;12350,349999999999;544,258964477;2058,3916666666664;90,70982741283333
0309;EPS;CORTE;6,0;6,0;0,0;6,0;0,0;;;;;6,0;1538,6599999999999;166,962096885;256,4433333333333;27,8270161475
0311;EPS;CORTE;6,0;6,0;0,0;6,0;0,0;;;;;7,0;1429,09;351,660809635;204,15571428571428;50,23725851928572
0313;EPS;CORTE;7,0;5,0;0,0;5,0;2,0;;;;;9,0;7973,0;1004,63441425;885,8888888888889;111,62604602777778
0317;STC;CORTE;21,0;22,0;22,0;0,0;-1,0;;;;;71,0;101984,90000000001;12814,842974772;1436,4070422535212;180,4907461235493
0317;EPS;CORTE;7,0;7,0;0,0;7,0;0,0;;;;;71,0;101984,90000000001;12814,842974772;1436,4070422535212;180,4907461235493
0318;STC;CORTE;21,0;16,0;13,0;3,0;5,0;;;;;18,0;32095,910000000003;2522,949436357;1783,1061111111112;140,1638575753889
0318;EPS;CORTE;7,0;6,0;0,0;6,0;1,0;;;;;18,0;32095,910000000003;2522,949436357;1783,1061111111112;140,1638575753889
0319;EPS;CORTE;7,0;7,0;0,0;7,0;0,0;;;;;27,0;39887,4;7526,191805792;1477,3111111111111;278,74784465896295
0319;STC;CORTE;21,0;9,0;8,0;1,0;12,0;;;;;27,0;39887,4;7526,191805792;1477,3111111111111;278,74784465896295
0320;STC;CORTE;21,0;10,0;9,0;1,0;11,0;;;;;33,0;20789,2;7021,242553794;629,9757575757576;212,76492587254546
0320;EPS;CORTE;7,0;7,0;0,0;7,0;0,0;;;;;33,0;20789,2;7021,242553794;629,9757575757576;212,76492587254546
0321;EPS;CORTE;7,0;7,0;0,0;7,0;0,0;;;;;24,0;34911,60999999999;7458,056244113;1454,6504166666664;310,75234350470834
0322;STC;CORTE;16,0;16,0;15,0;1,0;0,0;;;;;8,0;10225,35;3049,841731268;1278,16875;381,2302164085
0322;EPS;CORTE;7,0;7,0;0,0;7,0;0,0;;;;;8,0;10225,35;3049,841731268;1278,16875;381,2302164085
0323;STC;CORTE;21,0;22,0;22,0;0,0;-1,0;;;;;124,0;198271,31999999998;25289,791028863;1598,962258064516;203,94992765212098
0323;EPS;CORTE;7,0;7,0;0,0;7,0;0,0;;;;;124,0;198271,31999999998;25289,791028863;1598,962258064516;203,94992765212098
0325;STC;CORTE;16,0;17,0;17,0;0,0;-1,0;;;;;39,0;33504,880000000005;5817,689661818;859,0994871794873;149,17152979020514
0325;EPS;CORTE;8,0;8,0;0,0;8,0;0,0;;;;;39,0;33504,880000000005;5817,689661818;859,0994871794873;149,17152979020514
0327;STC;RECORTE;16,0;12,0;8,0;4,0;4,0;;;;;13,0;5461,93;2193,340193447;420,14846153846156;168,718476419
0328;EPS;CORTE;8,0;8,0;0,0;8,0;0,0;;;;;47,0;37586,52;13933,353467844;799,7131914893616;296,45432910306386
0329;STC;CORTE;16,0;16,0;16,0;0,0;0,0;;;;;21,0;18291,37;7513,624905421;871,017619047619;357,79166216290474
0332;STC;CORTE;16,0;13,0;13,0;0,0;3,0;;;;;22,0;14273,17;3792,124786661;648,7804545454545;172,3693084845909
0332;EPS;CORTE;8,0;8,0;0,0;8,0;0,0;;;;;22,0;14273,17;3792,124786661;648,7804545454545;172,3693084845909
0335;STC;CORTE;0,0;1,0;1,0;0,0;-1,0;;;;;6,0;13623,63;149300,000622252;2270,605;24883,333437042
0338;EPS;CORTE;8,0;8,0;0,0;8,0;0,0;;;;;9,0;10842,480000000001;2539,378676376;1204,7200000000003;282,153186264
0340;EPS;CORTE;8,0;8,0;0,0;8,0;0,0;;;;;7,0;4904,79;470,648036464;700,6842857142857;67,23543378057143
0345;EPS;CORTE;8,0;8,0;0,0;8,0;0,0;;;;;6,0;3741,36;1247,260283052;623,5600000000001;207,876713842
0347;STC;CORTE;16,0;17,0;14,0;3,0;-1,0;;;;;82,0;73800,69;11705,584192725;900,0084146341463;142,75102674054878
0347;EPS;CORTE;22,0;26,0;0,0;26,0;-4,0;;;;;82,0;73800,69;11705,584192725;900,0084146341463;142,75102674054878
0347;STC;RECORTE;19,0;19,0;15,0;4,0;0,0;;;;;3364,0;3332794,8600000003;1560619,935748333;990,7237990487516;463,9179357159135
0348;STC;CORTE;16,0;18,0;17,0;1,0;-2,0;;;;;127,0;224700,23000000004;44037,39812128;1769,2931496062995;346,75116630929136
0348;EPS;CORTE;22,0;26,0;0,0;26,0;-4,0;;;;;127,0;224700,23000000004;44037,39812128;1769,2931496062995;346,75116630929136
0348;STC;RECORTE;19,0;19,0;6,0;13,0;0,0;;;;;2749,0;3478138,9399999995;1774482,267351777;1265,2378828664966;645,501006675801
0349;STC;CORTE;16,0;17,0;17,0;0,0;-1,0;;;;;96,0;93643,38;10825,501637763;975,4518750000001;112,76564206003125
0349;EPS;CORTE;11,0;13,0;0,0;13,0;-2,0;;;;;96,0;93643,38;10825,501637763;975,4518750000001;112,76564206003125
0349;EPS;DISJUNTOR;;64,0;0,0;64,0;;;;;;460,0;177477,44999999995;18667,215900107;385,8205434782608;40,58090413066739
0350;STC;CORTE;17,0;18,0;17,0;1,0;-1,0;;;;;163,0;153196,57;20769,975925604;939,8562576687117;127,4231651877546
0350;EPS;CORTE;11,0;12,0;0,0;12,0;-1,0;;;;;163,0;153196,57;20769,975925604;939,8562576687117;127,4231651877546
0351;EPS;CORTE;11,0;12,0;0,0;12,0;-1,0;;;;;76,0;99143,57999999997;29956,894463609;1304,5207894736839;394,1696639948553
0352;EPS;CORTE;11,0;12,0;0,0;12,0;-1,0;;;;;230,0;175137,17;23635,82383172;761,4659565217391;102,76445144226086
0352;STC;CORTE;17,0;18,0;17,0;1,0;-1,0;;;;;230,0;175137,17;23635,82383172;761,4659565217391;102,76445144226086
0352;STC;RECORTE;17,0;17,0;9,0;8,0;0,0;;;;;4523,0;7072083,2;3785069,37523968;1563,5824010612425;836,8492980852708
0353;EPS;CORTE;33,0;36,0;0,0;36,0;-3,0;;;;;175,0;137578,27;19799,461398393;786,1615428571428;113,13977941938857
0353;STC;CORTE;0,0;2,0;2,0;0,0;-2,0;;;;;175,0;137578,27;19799,461398393;786,1615428571428;113,13977941938857
0353;EPS;DISJUNTOR;;32,0;0,0;32,0;;;;;;673,0;244444,6;27176,778778788;363,21634472511147;40,381543504885585
0353;STC;RECORTE;17,0;17,0;6,0;11,0;0,0;;;;;4728,0;7146837,959999998;3516007,334524234;1511,598553299492;743,6563736303372
0354;EPS;CORTE;11,0;12,0;0,0;12,0;-1,0;;;;;82,0;101919,63;7744,251136454;1242,9223170731707;94,44208702992682
0354;STC;CORTE;17,0;18,0;17,0;1,0;-1,0;;;;;82,0;101919,63;7744,251136454;1242,9223170731707;94,44208702992682
0354;EPS;DISJUNTOR;;32,0;0,0;32,0;;;;;;480,0;198049,88;19773,090393825;412,6039166666667;41,19393832046875
0355;EPS;CORTE;33,0;36,0;0,0;36,0;-3,0;;;;;185,0;206115,06000000003;35760,849157571;1114,1354594594595;193,30188733822163
0356;STC;CORTE;38,0;40,0;39,0;1,0;-2,0;;;;;119,0;192530,12;32975,696201653;1617,9001680672268;277,10669077019327
0356;EPS;CORTE;32,0;28,0;0,0;28,0;4,0;;;;;119,0;192530,12;32975,696201653;1617,9001680672268;277,10669077019327
0356;EPS;DISJUNTOR;;4,0;0,0;4,0;;;;;;626,0;302301,88;30196,983889269;482,91035143769966;48,23799343333706
0357;STC;CORTE;19,0;21,0;19,0;2,0;-2,0;;;;;145,0;268281,11999999994;32934,03471433;1850,2146206896548;227,13127389193104
0357;EPS;CORTE;16,0;14,0;0,0;14,0;2,0;;;;;145,0;268281,11999999994;32934,03471433;1850,2146206896548;227,13127389193104
0357;EPS;DISJUNTOR;;50,0;0,0;50,0;;;;;;788,0;415709,08999999997;31501,172718988;527,5496065989847;39,97610751140609
0357;STC;RECORTE;21,0;21,0;13,0;8,0;0,0;;;;;1036,0;1021099,9399999998;378972,886950486;985,6177027027026;365,8039449329016
0358;EPS;RECORTE;0,0;14,0;14,0;0,0;-14,0;;;;;639,0;540473,92;222367,059085579;845,8120813771519;347,99226773956025
0359;STC;CORTE;19,0;20,0;20,0;0,0;-1,0;;;;;192,0;235265,46000000005;50204,82997654;1225,3409375000003;261,48348946114584
0359;EPS;CORTE;16,0;14,0;0,0;14,0;2,0;;;;;192,0;235265,46000000005;50204,82997654;1225,3409375000003;261,48348946114584
0359;EPS;RECORTE;0,0;138,0;138,0;0,0;-138,0;;;;;2558,0;3056141,4199999995;1452660,132170736;1194,7386317435494;567,8890274318749
0360;EPS;CORTE;9,0;8,0;0,0;8,0;1,0;;;;;49,0;36392,30000000001;25064,473572916;742,7000000000002;511,5198688350204
0361;EPS;CORTE;9,0;8,0;0,0;8,0;1,0;;;;;93,0;143010,49;49807,740478848;1537,7472043010753;535,5671019230967
0366;EPS;CORTE;9,0;7,0;0,0;7,0;2,0;;;;;25,0;51848,18;10564,361308225;2073,9272;422,574452329
0369;STC;CORTE;11,0;11,0;11,0;0,0;0,0;;;;;16,0;19987,27;3709,9389375;1249,204375;231,87118359375
0371;EPS;CORTE;9,0;8,0;0,0;8,0;1,0;;;;;17,0;8086,36;1279,838022317;475,6682352941176;75,28458954805882
0372;EPS;CORTE;9,0;8,0;0,0;8,0;1,0;;;;;96,0;270585,1;86208,494136411;2818,5947916666664;898,0051472542813
0373;EPS;DISJUNTOR;;29,0;0,0;29,0;;;;;;152,0;77951,64;5577,867050651;512,8397368421053;36,6964937542829
0375;EPS;CORTE;9,0;7,0;0,0;7,0;2,0;;;;;148,0;378861,32000000007;103986,965483173;2559,8737837837843;702,6146316430608
0376;EPS;CORTE;18,0;16,0;0,0;16,0;2,0;;;;;90,0;158565,91999999998;32149,788232835;1761,8435555555554;357,2198692537222
0377;EPS;CORTE;9,0;8,0;0,0;8,0;1,0;;;;;30,0;17074,059999999998;3706,889264621;569,1353333333333;123,56297548736667
0378;EPS;CORTE;8,0;5,0;0,0;5,0;3,0;;;;;16,0;18401,55;11086,712692471;1150,096875;692,9195432794374
0379;EPS;CORTE;8,0;8,0;0,0;8,0;0,0;;;;;6,0;1535,8400000000001;145,806601753;255,97333333333336;24,301100292166666
0385;EPS;CORTE;16,0;16,0;0,0;16,0;0,0;;;;;19,0;7340,5599999999995;841,808989469;386,3452631578947;44,3057362878421
0387;EPS;CORTE;16,0;16,0;0,0;16,0;0,0;;;;;22,0;9141,59;1119,334308067;415,5268181818182;50,87883218486363
0389;EPS;RECORTE;0,0;19,0;13,0;6,0;-19,0;;;;;204,0;412816,78;306127,535687156;2023,611666666667;1500,6251749370392
0390;STC;RECORTE;15,0;15,0;15,0;0,0;0,0;;;;;77,0;91283,77;50023,867989183;1185,5035064935066;649,6606232361429
0390;EPS;RECORTE;0,0;1,0;1,0;0,0;-1,0;;;;;77,0;91283,77;50023,867989183;1185,5035064935066;649,6606232361429
0391;STC;CORTE;15,0;6,0;6,0;0,0;9,0;;;;;43,0;38714,48;3874,81184391;900,3367441860465;90,11190334674419
0391;EPS;RECORTE;0,0;20,0;20,0;0,0;-20,0;;;;;204,0;166410,93000000002;78606,113718171;815,7398529411765;385,3240868537794
0392;STC;RECORTE;15,0;15,0;13,0;2,0;0,0;;;;;181,0;165937,77;84708,480100192;916,7832596685082;468,0026524872486
0393;EPS;RECORTE;0,0;60,0;54,0;6,0;-60,0;;;;;124,0;131390,83;66331,563384184;1059,6034677419354;534,9319627756774
0397;STC;CORTE;11,0;12,0;12,0;0,0;-1,0;;;;;270,0;150700,92;61491,690635091;558,1515555555555;227,7470023521889
0398;STC;CORTE;11,0;11,0;10,0;1,0;0,0;;;;;42,0;32754,350000000002;9487,656468061;779,8654761904762;225,89658257288096
0399;STC;CORTE;11,0;11,0;11,0;0,0;0,0;;;;;71,0;30199,01;10953,612192832;425,3381690140845;154,27622806805633
0401;STC;CORTE;11,0;11,0;11,0;0,0;0,0;;;;;101,0;71206,40999999999;24301,233415275;705,0139603960395;240,60627143836635
0402;STC;CORTE;11,0;12,0;12,0;0,0;-1,0;;;;;80,0;66618,1;13595,305057226;832,72625;169,941313215325
0404;EPS;RECORTE;15,0;7,0;5,0;2,0;8,0;;;;;205,0;172146,0;107300,564084084;839,7365853658537;523,4173857760195
0405;EPS;RECORTE;15,0;9,0;7,0;2,0;6,0;;;;;120,0;80779,43000000001;40303,635653013;673,1619166666667;335,863630441775
0406;EPS;RECORTE;15,0;9,0;7,0;2,0;6,0;;;;;41,0;48493,66;26195,537255808;1182,7721951219512;638,9155428245854
0407;EPS;CORTE;8,0;5,0;0,0;5,0;3,0;;;;;26,0;11138,32;4861,989013981;428,3969230769231;186,9995774608077
0409;STC;CORTE;11,0;11,0;11,0;0,0;0,0;;;;;79,0;69270,56;14238,288131477;876,8425316455696;180,2314953351519
0409;EPS;RECORTE;15,0;9,0;7,0;2,0;6,0;;;;;277,0;141092,37999999998;53339,430388724;509,3587725631768;192,56112053690975
0410;EPS;RECORTE;15,0;9,0;7,0;2,0;6,0;;;;;137,0;97965,79;60511,777661646;715,0787591240876;441,69180774924087
0412;STC;CORTE;16,0;16,0;16,0;0,0;0,0;;;;;12,0;18410,41;1538,622706359;1534,2008333333333;128,21855886325
0414;EPS;CORTE;2,0;2,0;0,0;2,0;0,0;;;;;39,0;38315,53;6402,028748725;982,4494871794872;164,15458330064104
0415;STC;CORTE;16,0;9,0;9,0;0,0;7,0;;;;;15,0;11084,27;2821,853917026;738,9513333333333;188,1235944684
0417;STC;CORTE;16,0;17,0;16,0;1,0;-1,0;;;;;69,0;86955,99;11495,534160374;1260,2317391304348;166,60194435324638
0419;EPS;CORTE;20,0;30,0;0,0;30,0;-10,0;;;;;34,0;26683,160000000003;6945,837838935;784,7988235294118;204,28934820397058
0420;EPS;CORTE;10,0;13,0;0,0;13,0;-3,0;;;;;35,0;51759,54000000001;10478,708777398;1478,8440000000003;299,3916793542286
0421;STC;CORTE;21,0;22,0;20,0;2,0;-1,0;;;;;77,0;59688,85;76213,708065598;775,1798701298701;989,7884164363377
0421;EPS;CORTE;10,0;15,0;0,0;15,0;-5,0;;;;;77,0;59688,85;76213,708065598;775,1798701298701;989,7884164363377
0421;EPS;DISJUNTOR;;9,0;0,0;9,0;;;;;;490,0;155630,31999999998;23417,804806383;317,6128979591836;47,79143838037347
0422;STC;CORTE;21,0;22,0;22,0;0,0;-1,0;;;;;78,0;67599,95000000001;11791,446094314;866,6660256410258;151,17238582453845
0422;EPS;CORTE;20,0;30,0;0,0;30,0;-10,0;;;;;78,0;67599,95000000001;11791,446094314;866,6660256410258;151,17238582453845
0422;EPS;DISJUNTOR;;27,0;0,0;27,0;;;;;;676,0;224632,19999999998;30342,987545039;332,2961538461538;44,88607625005769
0422;STC;RECORTE;21,0;21,0;12,0;9,0;0,0;;;;;2042,0;1805858,0;842374,795351617;884,3574926542606;412,52438557865673
0423;STC;CORTE;21,0;22,0;21,0;1,0;-1,0;;;;;17,0;12745,8;2158,581331668;749,7529411764706;126,97537245105882
0423;EPS;DISJUNTOR;;9,0;0,0;9,0;;;;;;285,0;95242,76;12107,005196112;334,18512280701754;42,4807199863579
0424;STC;CORTE;21,0;21,0;21,0;0,0;0,0;;;;;37,0;30696,259999999995;10085,70159674;829,6286486486486;272,5865296416216
0424;EPS;CORTE;20,0;28,0;0,0;28,0;-8,0;;;;;37,0;30696,259999999995;10085,70159674;829,6286486486486;272,5865296416216
0426;STC;CORTE;13,0;14,0;14,0;0,0;-1,0;;;;;293,0;191325,50999999995;65540,910834268;652,9880887372012;223,6891154753174
0427;STC;CORTE;16,0;17,0;16,0;1,0;-1,0;;;;;31,0;20590,399999999998;6169,068070545;664,2064516129032;199,00219582403227
0428;STC;RECORTE;20,0;20,0;14,0;6,0;0,0;;;;;247,0;223100,70000000007;92925,894461243;903,2417004048585;376,2181961993644
0433;STC;CORTE;19,0;19,0;19,0;0,0;0,0;;;;;41,0;29714,94;11176,004949442;724,7546341463415;272,5854865717561
0434;STC;CORTE;19,0;20,0;19,0;1,0;-1,0;;;;;21,0;23780,819999999996;3848,140326617;1132,4199999999998;183,24477745795238
0436;EPS;CORTE;10,0;10,0;0,0;10,0;0,0;;;;;38,0;12841,14;2621,581022638;337,92473684210523;68,98897427994737
0437;STC;CORTE;21,0;9,0;7,0;2,0;12,0;;;;;13,0;6818,49;1171,776977902;524,4992307692307;90,13669060784615
0440;EPS;CORTE;10,0;10,0;0,0;10,0;0,0;;;;;54,0;28895,999999999996;3188,359938699;535,1111111111111;59,0437025685
0441;STC;CORTE;21,0;18,0;16,0;2,0;3,0;;;;;28,0;24296,13;2536,762005727;867,7189285714286;90,59864306167857
0441;EPS;CORTE;10,0;10,0;0,0;10,0;0,0;;;;;28,0;24296,13;2536,762005727;867,7189285714286;90,59864306167857
0442;EPS;CORTE;10,0;10,0;0,0;10,0;0,0;;;;;4,0;4824,469999999999;1560,426558282;1206,1174999999998;390,1066395705
0442;STC;CORTE;0,0;1,0;1,0;0,0;-1,0;;;;;4,0;4824,469999999999;1560,426558282;1206,1174999999998;390,1066395705
0445;STC;CORTE;11,0;10,0;10,0;0,0;1,0;;;;;20,0;14494,1;4134,12223606;724,705;206,706111803
0445;EPS;CORTE;10,0;10,0;0,0;10,0;0,0;;;;;20,0;14494,1;4134,12223606;724,705;206,706111803
0446;STC;CORTE;11,0;12,0;12,0;0,0;-1,0;;;;;57,0;52868,36000000001;15611,226619817;927,5150877192984;273,8811687687193
0447;STC;CORTE;13,0;7,0;6,0;1,0;6,0;;;;;23,0;20731,720000000005;4802,360945343;901,3791304347828;208,7983019714348
0449;EPS;CORTE;10,0;10,0;0,0;10,0;0,0;;;;;29,0;22680,78;4826,1746468;782,0958620689655;166,41981540689656
0449;STC;CORTE;11,0;9,0;8,0;1,0;2,0;;;;;29,0;22680,78;4826,1746468;782,0958620689655;166,41981540689656
0450;STC;CORTE;13,0;14,0;14,0;0,0;-1,0;;;;;216,0;266048,72;69272,873432928;1231,7070370370368;320,70774737466667
0450;EPS;CORTE;20,0;20,0;0,0;20,0;0,0;;;;;216,0;266048,72;69272,873432928;1231,7070370370368;320,70774737466667
0451;STC;CORTE;11,0;11,0;11,0;0,0;0,0;;;;;36,0;31277,61;4229,813672257;868,8225;117,49482422936111
0451;EPS;CORTE;10,0;10,0;0,0;10,0;0,0;;;;;36,0;31277,61;4229,813672257;868,8225;117,49482422936111
0452;STC;CORTE;11,0;11,0;10,0;1,0;0,0;;;;;7,0;914,8800000000001;652,963237667;130,69714285714286;93,28046252385714
0453;STC;CORTE;13,0;13,0;13,0;0,0;0,0;;;;;38,0;22750,289999999997;6666,604458668;598,691842105263;175,4369594386316
0454;STC;CORTE;13,0;14,0;13,0;1,0;-1,0;;;;;109,0;89751,03;17590,244969662;823,4039449541284;161,37839421708256
0454;EPS;CORTE;20,0;20,0;0,0;20,0;0,0;;;;;109,0;89751,03;17590,244969662;823,4039449541284;161,37839421708256
0455;STC;CORTE;11,0;11,0;11,0;0,0;0,0;;;;;25,0;20486,770000000004;9754,854708361;819,4708000000002;390,19418833444
0456;STC;RECORTE;11,0;11,0;9,0;2,0;0,0;;;;;299,0;147588,77999999997;72820,358622224;493,60795986622065;243,5463499071037
0456;EPS;RECORTE;6,0;6,0;5,0;1,0;0,0;;;;;299,0;147588,77999999997;72820,358622224;493,60795986622065;243,5463499071037
0458;EPS;RECORTE;6,0;6,0;4,0;2,0;0,0;;;;;335,0;231570,04000000004;118922,392101515;691,2538507462688;354,992215228403
0459;STC;CORTE;11,0;11,0;11,0;0,0;0,0;;;;;22,0;16442,09;3070,329710438;747,3677272727273;139,56044138354545
0459;EPS;RECORTE;6,0;6,0;3,0;3,0;0,0;;;;;509,0;337928,68;180684,122040255;663,9070333988212;354,97862876278
0463;STC;CORTE;9,0;9,0;9,0;0,0;0,0;;;;;10,0;6764,07;1513,241945851;676,4069999999999;151,3241945851
0463;EPS;RECORTE;6,0;6,0;6,0;0,0;0,0;;;;;224,0;113616,51000000001;68946,067053074;507,21656250000007;307,7949422012232
0464;STC;CORTE;9,0;10,0;10,0;0,0;-1,0;;;;;64,0;72419,98;8298,15305387;1131,5621875;129,65864146671876
0464;EPS;RECORTE;12,0;12,0;7,0;5,0;0,0;;;;;637,0;334021,83;125624,901851847;524,3670800627943;197,21334670619623
0467;STC;RECORTE;11,0;11,0;5,0;6,0;0,0;;;;;153,0;67055,96;36417,672025146;438,2742483660131;238,02400016435294
0468;EPS;RECORTE;6,0;6,0;2,0;4,0;0,0;;;;;254,0;143567,96;69092,958688629;565,228188976378;272,01952239617714
0471;STC;CORTE;19,0;20,0;20,0;0,0;-1,0;;;;;12,0;15160,830000000002;1140,582608274;1263,4025000000001;95,0485506895
0477;STC;CORTE;21,0;22,0;22,0;0,0;-1,0;;;;;43,0;33247,5;5014,621005438;773,1976744186046;116,61909314972092
0479;STC;CORTE;0,0;1,0;1,0;0,0;-1,0;;;;;136,0;154085,97999999998;25247,046488123;1132,9851470588235;185,64004770678676
0479;STC;RECORTE;17,0;17,0;10,0;7,0;0,0;;;;;386,0;327185,18000000005;122870,264667066;847,6300000000001;318,3167478421399
0480;EPS;RECORTE;0,0;25,0;21,0;4,0;-25,0;;;;;481,0;418930,36000000004;165177,481291497;870,9570893970895;343,4043270093493
0481;EPS;RECORTE;0,0;25,0;15,0;10,0;-25,0;;;;;317,0;330353,91;154978,832768027;1042,1258990536278;488,8922169338391
0482;EPS;RECORTE;13,0;38,0;21,0;17,0;-25,0;;;;;234,0;289115,82999999996;106919,659963518;1235,5377350427348;456,92162377571793
0485;EPS;RECORTE;52,0;91,0;76,0;15,0;-39,0;;;;;289,0;903528,8200000001;552042,620933733;3126,3973010380623;1910,1820793554775
0486;EPS;CORTE;11,0;10,0;0,0;10,0;1,0;;;;;58,0;50264,07;20985,495792528;866,6218965517241;361,81889297462067
0487;EPS;CORTE;11,0;11,0;0,0;11,0;0,0;;;;;458,0;644520,46;235973,335027808;1407,2499126637554;515,2256223314586
0487;EPS;RECORTE;0,0;11,0;8,0;3,0;-11,0;;;;;37,0;149377,89;70325,580443077;4037,2402702702707;1900,6913633264055
0490;EPS;CORTE;22,0;22,0;0,0;22,0;0,0;;;;;876,0;1020472,2499999999;474005,385705379;1164,9226598173514;541,10203847646
0491;EPS;CORTE;22,0;22,0;0,0;22,0;0,0;;;;;715,0;781564,6900000002;356597,023337311;1093,0974685314688;498,73709557665876
0492;STC;CORTE;11,0;11,0;10,0;1,0;0,0;;;;;213,0;217079,55000000005;95649,92475725;1019,1528169014086;449,06067961150234
0492;EPS;CORTE;22,0;18,0;0,0;18,0;4,0;;;;;213,0;217079,55000000005;95649,92475725;1019,1528169014086;449,06067961150234
0493;STC;CORTE;17,0;17,0;17,0;0,0;0,0;;;;;98,0;69078,03000000001;28644,370133511;704,8778571428572;292,2894911582755
0493;EPS;CORTE;11,0;11,0;0,0;11,0;0,0;;;;;98,0;69078,03000000001;28644,370133511;704,8778571428572;292,2894911582755
0494;EPS;CORTE;11,0;9,0;0,0;9,0;2,0;;;;;464,0;433772,5399999999;220365,495549115;934,8546120689654;474,9256369592996
0494;EPS;DISJUNTOR;;20,0;0,0;20,0;;;;;;148,0;70734,75;17781,243647179;477,9375;120,14353815661487
0495;EPS;CORTE;33,0;32,0;0,0;32,0;1,0;;;;;280,0;297006,44;127926,258026368;1060,7372857142857;456,87949295131426
0495;EPS;RECORTE;0,0;2,0;2,0;0,0;-2,0;;;;;294,0;418180,22;250144,757872452;1422,381700680272;850,8325097702449
0496;EPS;RECORTE;0,0;23,0;22,0;1,0;-23,0;;;;;57,0;44676,119999999995;14379,141538637;783,7915789473683;252,2656410287193
0496;STC;RECORTE;21,0;16,0;16,0;0,0;5,0;;;;;57,0;44676,119999999995;14379,141538637;783,7915789473683;252,2656410287193
0497;EPS;DISJUNTOR;;19,0;0,0;19,0;;;;;;95,0;46888,57000000001;8652,791717796;493,5638947368422;91,08201808206316
0497;EPS;RECORTE;0,0;169,0;169,0;0,0;-169,0;;;;;93,0;69731,96000000002;29703,349389004;749,8060215053765;319,3908536452043
0498;EPS;DISJUNTOR;;1,0;0,0;1,0;;;;;;27,0;14461,019999999999;2155,780987076;535,5933333333332;79,84374026207408
0498;EPS;RECORTE;0,0;51,0;51,0;0,0;-51,0;;;;;142,0;97989,02;44246,919738786;690,0635211267606;311,5980263294789
0499;STC;CORTE;11,0;11,0;9,0;2,0;0,0;;;;;65,0;64784,75000000001;15909,834975482;996,6884615384616;244,7666919304923
0500;STC;CORTE;11,0;11,0;11,0;0,0;0,0;;;;;100,0;136060,14;30529,771290045;1360,6014000000002;305,29771290045
0500;EPS;RECORTE;16,0;15,0;15,0;0,0;1,0;;;;;211,0;200146,64999999997;72666,039845435;948,5623222748814;344,3888144333412
0502;STC;CORTE;11,0;11,0;11,0;0,0;0,0;;;;;118,0;108491,47;25963,179857865;919,4192372881356;220,02694794800848
0503;STC;CORTE;11,0;12,0;11,0;1,0;-1,0;;;;;122,0;129590,95999999998;20385,561609343;1062,2209836065572;167,09476728969673
0503;EPS;RECORTE;16,0;16,0;13,0;3,0;0,0;;;;;270,0;207117,54000000004;70489,582169343;767,1020000000001;261,0725265531222
0504;STC;CORTE;11,0;12,0;12,0;0,0;-1,0;;;;;19,0;13092,440000000002;2032,881860984;689,0757894736844;106,99378215705264
0506;STC;CORTE;11,0;10,0;10,0;0,0;1,0;;;;;40,0;41507,25;9155,271185193;1037,68125;228,881779629825
0508;STC;CORTE;11,0;12,0;11,0;1,0;-1,0;;;;;50,0;37608,1;5775,082986822;752,1619999999999;115,50165973644
0508;EPS;RECORTE;16,0;16,0;9,0;7,0;0,0;;;;;325,0;153110,28999999998;73411,9790464;471,10858461538453;225,88301245046154
0509;STC;CORTE;11,0;11,0;10,0;1,0;0,0;;;;;69,0;44487,55999999999;10963,016043457;644,7472463768114;158,88429048488405
0512;STC;CORTE;11,0;11,0;11,0;0,0;0,0;;;;;4,0;2239,0099999999998;566,751787574;559,7524999999999;141,6879468935
0518;EPS;RECORTE;16,0;16,0;13,0;3,0;0,0;;;;;441,0;317192,71;120971,546435729;719,2578458049887;274,3118966796576
0519;STC;CORTE;11,0;12,0;11,0;1,0;-1,0;;;;;117,0;100779,32;14886,060271707;861,3617094017095;127,23128437356411
0519;EPS;RECORTE;16,0;16,0;14,0;2,0;0,0;;;;;861,0;491182,95000000007;163270,301635417;570,4796167247388;189,62868947202904
0520;EPS;RECORTE;16,0;16,0;11,0;5,0;0,0;;;;;469,0;252359,41;86507,091012044;538,0797654584222;184,4500874457228
0521;EPS;RECORTE;16,0;16,0;5,0;11,0;0,0;;;;;447,0;301206,62;110296,730391197;673,8403131991051;246,7488375641991
0522;STC;CORTE;11,0;11,0;11,0;0,0;0,0;;;;;22,0;17755,480000000003;3973,833524937;807,0672727272729;180,62879658804545
0526;EPS;CORTE;7,0;6,0;0,0;6,0;1,0;;;;;142,0;159569,25;60312,760117163;1123,7271126760563;424,7377473039648
0530;EPS;CORTE;7,0;7,0;0,0;7,0;0,0;;;;;42,0;57439,04;13194,336860731;1367,5961904761905;314,1508776364524
0531;EPS;CORTE;7,0;7,0;0,0;7,0;0,0;;;;;257,0;454586,37000000005;180898,916028875;1768,8185603112843;703,886832797179
0532;STC;CORTE;13,0;13,0;13,0;0,0;0,0;;;;;38,0;40060,04;13670,616922263;1054,2115789473685;359,7530769016579
0532;EPS;CORTE;7,0;7,0;0,0;7,0;0,0;;;;;38,0;40060,04;13670,616922263;1054,2115789473685;359,7530769016579
0534;EPS;RECORTE;8,0;8,0;4,0;4,0;0,0;;;;;104,0;80751,19;200358,351169924;776,45375;1926,5226074031154
0535;EPS;CORTE;2,0;2,0;0,0;2,0;0,0;;;;;2,0;3827,2200000000003;484,147513783;1913,6100000000001;242,0737568915
0536;EPS;CORTE;2,0;2,0;0,0;2,0;0,0;;;;;12,0;20977,850000000002;2118,481280366;1748,154166666667;176,54010669716666
0000;EPS;RECORTE;;23,0;15,0;8,0;;;;;;;;;;
0000;STC;CORTE;;48,0;47,0;1,0;;;;;;;;;;
0000;STC;CORTE;;33,0;29,0;4,0;;;;;;;;;;
0000;STC;CORTE;;9,0;5,0;4,0;;;;;;;;;;
0000;STC;CORTE;;7,0;3,0;4,0;;;;;;;;;;
0000;STC;CORTE;;4,0;1,0;3,0;;;;;;;;;;
0000;STC;CORTE;;4,0;3,0;1,0;;;;;;;;;;
11404;STC;CORTE;;13,0;8,0;5,0;;;;;;;;;;
10515;STC;CORTE;;20,0;14,0;6,0;;;;;;;;;;
11402;STC;CORTE;;10,0;8,0;2,0;;;;;;;;;;
11405;STC;CORTE;;6,0;6,0;0,0;;;;;;;;;;
11405;STC;CORTE;;1,0;1,0;0,0;;;;;;;;;;
11401;STC;CORTE;;10,0;6,0;4,0;;;;;;;;;;
11403;STC;CORTE;;15,0;8,0;7,0;;;;;;;;;;
10517;STC;CORTE;;4,0;1,0;3,0;;;;;;;;;;
10806;STC;CORTE;;17,0;13,0;4,0;;;;;;;;;;
12103;STC;CORTE;;2,0;1,0;1,0;;;;;;;;;;
12101;STC;CORTE;;2,0;0,0;2,0;;;;;;;;;;
10104;STC;CORTE;;8,0;2,0;6,0;;;;;;;;;;
10516;STC;CORTE;;8,0;7,0;1,0;;;;;;;;;;
11202;STC;CORTE;;2,0;1,0;1,0;;;;;;;;;;
12113;STC;CORTE;;2,0;1,0;1,0;;;;;;;;;;
10508;STC;CORTE;;1,0;1,0;0,0;;;;;;;;;;
06.0;STC;RECORTE;;;;;;18,0;1,0;18,0;Turma extra;;;;;
11.0;STC;RECORTE;;;;;;30,0;2,0;15,0;Turma extra;;;;;
22.0;STC;CORTE;;;;;;20,0;1,0;20,0;Turma extra;;;;;
138.0;STC;CORTE;;;;;;15,0;1,0;15,0;Complementar roteiro;;;;;
142.0;STC;CORTE;;;;;;25,0;1,0;25,0;Gavião - Colaborador sozinho;;;;;
152.0;STC;CORTE;;;;;;15,0;1,0;15,0;Complementar roteiro;;;;;
192.0;STC;CORTE;;;;;;18,0;1,0;18,0;Complementar roteiro;;;;;
194.0;STC;CORTE;;;;;;18,0;1,0;18,0;Complementar roteiro;;;;;
200.0;STC;RECORTE;;;;;;20,0;1,0;20,0;Complementar roteiro;;;;;
195.0;STC;CORTE;;;;;;15,0;1,0;15,0;Complementar roteiro;;;;;
202.0;STC;RECORTE;;;;;;18,0;1,0;18,0;Complementar roteiro;;;;;
205.0;STC;CORTE;;;;;;18,0;1,0;18,0;Complementar roteiro;;;;;
208.0;STC;RECORTE;;;;;;15,0;1,0;15,0;Complementar roteiro;;;;;
209.0;STC;RECORTE;;;;;;18,0;1,0;18,0;Complementar roteiro;;;;;
207.0;STC;RECORTE;;;;;;15,0;1,0;15,0;Complementar roteiro;;;;;
217.0;STC;CORTE;;;;;;30,0;1,0;30,0;Gavião - Colaborador sozinho;;;;;
305.0;STC;CORTE;;;;;;20,0;1,0;20,0;Turma extra;;;;;
378.0;STC;RECORTE;;;;;;15,0;1,0;15,0;-;;;;;
429.0;STC;CORTE;;;;;;15,0;1,0;15,0;Gavião - Colaborador sozinho;;;;;
432.0;STC;CORTE;;;;;;15,0;1,0;15,0;Não gerado na cadeia noturna;;;;;
497.0;STC;RECORTE;;;;;;20,0;1,0;20,0;Não gerado na cadeia noturna;;;;;
